%Station Id;Station;Précédent;Suivant;Temps entre 2 stations;Temps de Changement
1;Porte Maillot;;2;0;
2;Argentine;1;3;1;
3;Charles de Gaulle - Etoile;2;4;2;2
4;George V;3;5;2;
5;Franklin D. Roosevelt;4;6;3;2
6;Champs-Elysées - Clemenceau;5;7;1;2
7;Concorde;6;8;1;2
8;Tuileries;7;9;3;
9;Palais Royal - Musée du Louvre;8;10;3;2
10;Louvre - Rivoli;9;11;2;
11;Châtelet;10;12;4;2
12;Hôtel de Ville;11;13;1;2
13;Saint-Paul (Le Marais);12;14;2;
14;Bastille;13;15;2;2
15;Gare de Lyon;14;16;2;2
16;Reuilly - Diderot;15;17;2;2
17;Nation;16;18;3;2
18;Porte de Vincennes;17;19;1;
19;Château de Vincennes;18;;4;
20;Porte Dauphine;;21;0;
21;Victor Hugo;20;22;1;
22;Charles de Gaulle - Etoile;21;23;3;2
23;Ternes;22;24;2;
24;Courcelles;23;25;4;
25;Monceau;24;26;4;
26;Villiers;25;27;4;2
27;Rome;26;28;4;
28;Place de Clichy;27;29;3;2
29;Blanche;28;30;4;
30;Pigalle;29;31;4;2
31;Anvers;30;32;1;
32;Barbès - Rochechouart;31;33;3;2
33;La Chapelle;32;34;1;
34;Stalingrad;33;35;4;2
35;Jaurès;34;36;3;2
36;Colonel Fabien;35;37;3;
37;Belleville;36;38;3;2
38;Couronnes;37;39;4;
39;Ménilmontant;38;40;2;
40;Père Lachaise;39;41;4;2
41;Philippe Auguste;40;42;1;
42;Alexandre Dumas;41;43;3;
43;Avron;42;44;2;
44;Nation;43;;3;2
45;Porte de Champerret;;46;0;
46;Pereire;45;47;2;
47;Wagram;46;48;2;
48;Malesherbes;47;49;3;
49;Villiers;48;50;1;2
50;Europe;49;51;4;
51;Saint-Lazare;50;52;4;2
52;Havre-Caumartin;51;53;1;2
53;Opéra;52;54;1;2
54;Quatre Septembre;53;55;2;
55;Bourse;54;56;1;
56;Sentier;55;57;3;
57;Réaumur - Sébastopol;56;58;2;2
58;Arts et Métiers;57;59;4;2
59;Temple;58;60;1;
60;République;59;61;3;2
61;Parmentier;60;62;3;
62;Rue Saint-Maur;61;63;2;
63;Père Lachaise;62;64;2;2
64;Gambetta;63;65;4;2
65;Porte de Bagnolet;64;;1;
70;Porte de Clignancourt;;71;0;
71;Simplon;70;72;1;
72;Marcadet - Poissonniers;71;73;3;2
73;Château Rouge;72;74;2;
74;Barbès - Rochechouart;73;75;4;2
75;Gare du Nord;74;76;1;2
76;Gare de l'Est;75;77;2;2
77;Château d'Eau;76;78;4;
78;Strasbourg - Saint-Denis;77;79;4;2
79;Réaumur - Sébastopol;78;80;3;2
80;Etienne Marcel;79;81;1;
81;Les Halles;80;82;4;
82;Châtelet;81;83;4;2
83;Cité;82;84;1;
84;Saint-Michel;83;85;3;
85;Odéon;84;86;2;2
86;Saint-Germain-des-Prés;85;87;2;
87;Saint-Sulpice;86;88;4;
88;Saint-Placide;87;89;1;
89;Montparnasse Bienvenue;88;90;3;2
90;Vavin;89;91;1;
91;Raspail;90;92;1;2
92;Denfert-Rochereau;91;93;1;2
93;Mouton-Duvernet;92;94;3;
94;Alésia;93;95;1;
95;Porte d'Orléans;94;;1;
96;Porte de Pantin;;97;0;
97;Ourcq;96;98;3;
98;Laumière;97;99;2;
99;Jaurès;98;100;4;2
100;Stalingrad;99;101;4;2
101;Gare du Nord;100;102;2;2
102;Gare de l'Est;101;103;3;2
103;Jacques Bonsergent;102;104;1;
104;République;103;105;3;2
105;Oberkampf;104;106;3;2
106;Richard-Lenoir;105;107;1;
107;Bréguet-Sabin;106;108;1;
108;Bastille;107;109;3;2
109;Quai de la Rapée;108;110;4;
110;Gare d'Austerlitz;109;111;3;2
111;Saint-Marcel;110;112;4;
112;Campo-Formio;111;113;3;
113;Place d'Italie;112;;3;2
114;Charles de Gaulle - Etoile;;115;0;2
115;Kléber;114;116;2;
116;Boissière;115;117;3;
117;Trocadéro;116;118;2;2
118;Passy;117;119;1;
119;Bir-Hakeim;118;120;4;
120;Dupleix;119;121;2;
121;La Motte-Picquet - Grenelle;120;122;2;2
122;Cambronne;121;123;3;
123;Sèvres-Lecourbe;122;124;2;
124;Pasteur;123;125;3;2
125;Montparnasse Bienvenue;124;126;2;2
126;Edgar Quinet;125;127;4;
127;Raspail;126;128;2;2
128;Denfert-Rochereau;127;129;3;2
129;Saint-Jacques;128;130;4;
130;Glacière;129;131;2;
131;Corvisart;130;132;4;
132;Place d'Italie;131;133;3;2
133;Nationale;132;134;4;
134;Chevaleret;133;135;2;
135;Quai de la Gare;134;136;2;
136;Bercy;135;137;3;2
137;Dugommier;136;138;1;
138;Daumesnil;137;139;1;2
139;Bel-Air;138;140;4;
140;Picpus;139;141;3;
141;Nation;140;;1;2
142;Porte de la Villette;;143;0;
143;Corentin Cariou;142;144;1;
144;Crimée;143;145;1;
145;Riquet;144;146;4;
146;Stalingrad;145;147;3;2
147;Louis Blanc;146;148;4;2
148;Château Landon;147;149;2;
149;Gare de l'Est;148;150;4;2
150;Poissonnière;149;151;2;
151;Cadet;150;152;2;
152;Le Peletier;151;153;3;
153;Chaussée d'Antin - La Fayette;152;154;1;2
154;Opéra;153;155;2;2
155;Pyramides;154;156;1;2
156;Palais Royal - Musée du Louvre;155;157;4;2
157;Pont Neuf;156;158;1;
158;Châtelet;157;159;2;2
159;Pont Marie (Cité des Arts);158;160;3;
160;Sully - Morland;159;161;4;
161;Jussieu;160;162;1;2
162;Place Monge;161;163;1;
163;Censier - Daubenton;162;164;4;
164;Les Gobelins;163;165;4;
165;Place d'Italie;164;166;2;2
166;Tolbiac;165;167;1;
167;Maison Blanche;166;168;3;2
168;Porte d'Italie;167;169;3;
169;Porte de Choisy;168;170;4;
170;Porte d'Ivry;169;171;4;
171;Maison Blanche;170;;3;2
181;Balard;;182;0;
182;Lourmel;181;183;4;
183;Boucicaut;182;184;3;
184;Félix Faure;183;185;2;
185;Commerce;184;186;4;
186;La Motte-Picquet - Grenelle;185;187;2;2
187;Ecole Militaire;186;188;3;
188;La Tour-Maubourg;187;189;2;
189;Invalides;188;190;3;2
190;Concorde;189;191;2;2
191;Madeleine;190;192;1;2
192;Opéra;191;193;1;2
193;Richelieu - Drouot;192;194;4;2
194;Grands Boulevards;193;195;2;2
195;Bonne Nouvelle;194;196;2;2
196;Strasbourg - Saint-Denis;195;197;4;2
197;République;196;198;4;2
198;Filles du Calvaire;197;199;4;
199;Saint-Sébastien - Froissart;198;200;4;
200;Chemin Vert;199;201;3;
201;Bastille;200;202;4;2
202;Ledru-Rollin;201;203;4;
203;Faidherbe - Chaligny;202;204;1;
204;Reuilly - Diderot;203;205;2;2
205;Montgallet;204;206;1;
206;Daumesnil;205;207;4;2
207;Michel Bizot;206;208;1;
208;Porte Dorée;207;209;3;
209;Porte de Charenton;208;;3;
210;Porte de Saint-Cloud;;211;0;
211;Exelmans;210;212;4;
212;Michel-Ange - Molitor;211;213;4;2
213;Michel-Ange - Auteuil;212;214;1;2
214;Jasmin;213;215;3;
215;Ranelagh;214;216;2;
216;La Muette;215;217;2;
217;Rue de la Pompe;216;218;1;
218;Trocadéro;217;219;3;2
219;Iéna;218;220;1;
220;Alma - Marceau;219;221;3;
221;Franklin D. Roosevelt;220;222;3;2
222;Saint-Philippe du Roule;221;223;4;
223;Miromesnil;222;224;4;2
224;Saint-Augustin;223;225;2;
225;Havre-Caumartin;224;226;2;2
226;Chaussée d'Antin - La Fayette;225;227;1;2
227;Richelieu - Drouot;226;228;4;2
228;Grands Boulevards;227;229;1;2
229;Bonne Nouvelle;228;230;3;2
230;Strasbourg - Saint-Denis;229;231;3;2
231;République;230;232;2;2
232;Oberkampf;231;233;4;2
233;Saint-Ambroise;232;234;2;
234;Voltaire;233;235;2;
235;Charonne;234;236;2;
236;Rue des Boulets;235;237;3;
237;Nation;236;238;3;2
238;Buzenval;237;239;2;
239;Maraîchers;238;240;4;
240;Porte de Montreuil;239;;2;
241;Gare d'Austerlitz;;242;0;2
242;Jussieu;241;243;1;2
243;Cardinal Lemoine;242;244;2;
244;Maubert - Mutualité;243;245;2;
245;Cluny - La Sorbonne;244;246;4;
246;Odéon;245;247;4;2
247;Mabillon;246;248;3;
248;Sèvres - Babylone;247;249;4;2
249;Vaneau;248;250;4;
250;Duroc;249;251;1;2
251;Ségur;250;252;3;
252;La Motte-Picquet - Grenelle;251;253;3;2
253;Avenue Emile Zola;252;254;1;
254;Charles Michels;253;255;4;
255;Javel - André Citroën;254;256;2;
256;Eglise d'Auteuil;255;257;1;
257;Michel-Ange - Auteuil;256;258;1;2
258;Porte d'Auteuil;257;259;3;
259;Michel-Ange - Molitor;258;260;1;2
260;Chardon Lagache;259;261;3;
261;Mirabeau;260;;3;
262;Châtelet;;263;0;2
263;Hôtel de Ville;262;264;2;2
264;Rambuteau;263;265;1;
265;Arts et Métiers;264;266;1;2
266;République;265;267;1;2
267;Goncourt;266;268;3;
268;Belleville;267;269;4;2
269;Pyrénées;268;270;4;
270;Jourdain;269;271;4;
271;Place des FÃªtes;270;272;2;
272;Télégraphe;271;273;4;
273;Porte des Lilas;272;;2;2
274;Porte de la Chapelle;;275;0;
275;Marx Dormoy;274;276;3;
276;Marcadet - Poissonniers;275;277;2;2
277;Jules Joffrin;276;278;3;
278;Lamarck - Caulaincourt;277;279;3;
279;Abbesses;278;280;3;
280;Pigalle;279;281;3;2
281;Saint-Georges;280;282;2;
282;Notre-Dame-de-Lorette;281;283;3;
283;Trinité - d'Estienne d'Orves;282;284;1;
284;Saint-Lazare;283;285;4;2
285;Madeleine;284;286;2;2
286;Concorde;285;287;1;2
287;Assemblée Nationale;286;288;4;
288;Solférino;287;289;4;
289;Rue du Bac;288;290;2;
290;Sèvres - Babylone;289;291;3;2
291;Rennes;290;292;2;
292;Notre-Dame des Champs;291;293;3;
293;Montparnasse Bienvenue;292;294;4;2
294;Falguière;293;295;1;
295;Pasteur;294;296;4;2
296;Volontaires;295;297;1;
297;Vaugirard;296;298;1;
298;Convention;297;299;3;
299;Porte de Versailles;298;;2;
300;Porte de Vanves;;301;0;
301;Plaisance;300;302;3;
302;Pernety;301;303;2;
303;Gaîté;302;304;2;
304;Montparnasse Bienvenue;303;305;1;2
305;Duroc;304;306;2;2
306;Saint-François-Xavier;305;307;1;
307;Varenne;306;308;4;
308;Invalides;307;309;4;2
309;Champs-Elysées - Clemenceau;308;310;4;2
310;Miromesnil;309;311;3;2
311;Saint-Lazare;310;312;1;2
312;Liège;311;313;4;
313;Place de Clichy;312;314;2;2
314;La Fourche;313;315;3;2
315;Guy Môquet;314;316;2;
316;Porte de Saint-Ouen;315;317;2;
317;La Fourche;316;318;3;2
318;Brochant;317;319;1;
319;Porte de Clichy;318;;4;2
320;Porte de Clichy;;321;0;2
321;Pont Cardinet;320;322;2;
322;Saint-Lazare;321;323;2;2
323;Madeleine;322;324;4;2
324;Pyramides;323;325;2;2
325;Châtelet;324;326;3;2
326;Gare de Lyon;325;327;1;2
327;Bercy;326;328;2;2
328;Cour Saint-Emilion;327;329;1;
329;Bibliothèque François Mitterrand;328;330;4;
330;Olympiades;329;331;2;2
331;Olympiades;330;332;2;2
332;Maison Blanche;331;;2;2
66;Porte des Lilas;;67;0;2
67;Saint-Fargeau;66;68;2;
68;Pelleport;67;69;2;
69;Gambetta;68;;1;2
172;Louis Blanc;;173;0;2
173;Jaurès;172;174;1;2
174;Bolivar;173;175;2;
175;Buttes Chaumont;174;176;4;
176;Botzaris;175;177;3;2
177;Place des Fêtes;176;178;4;
178;Pré-Saint-Gervais;177;179;2;
179;Danube;178;180;4;
180;Botzaris;179;;1;2
